{
 "airlines_f6": 0.02541610339060343,
 "other_f7": 0.02894255506847865,
 "entertain_f8": 0.04401866977934551,
 "lodging_f9": 0.011361322185062629,
 "dining_f10": 0.05079312034780056,
 "revolve_f1": 0.3793153435144959,
 "f5_unknown": 0.0010985121086075674,
 "supp_f19": 188.72568823192196,
 "cards_f20": 476.49838147541385,
 "redeem_f21": -0.00010227477956748259,
 "ptsbal_f4": 0.0032574259936087703,
 "aircred_f14": -0.5346108357293371,
 "entcred_f16": -0.5942927222482358,
 "lounge_f13": -89.91823865174774,
 "cab_f15": -42.92890661602302,
 "logins_f12": -9.631466655770765,
 "emails_f2223": -12.397693786279712,
 "EL_f11xf1": -0.25238593390559216,
 "coll_f3": -1386.3209993070525,
 "coll_f3xf1": -0.3257786748703865,
 "cancel_f2": -193.69387496757795,
 "lend_f17": -0.0031904560201929826,
 "risk_f11": -1912.2417615995776,
 "lend_f18": -0.003589151752168367,
 "EL_f11xcat": -0.18523217274221646,
 "EL_f11xf17": -0.04650728754434885,
 "EL_f11sqxf1": -2.5741027387156454,
 "attr_f2xf1": -0.1505756813519159,
 "clicks_f23": 26.249991292461353,
 "sqrt_f1": 26.223765218924175,
 "sqrt_cat": 9.256446242714748,
 "log_f1": 11.363268272876615
}