{
 "airlines_f6": 0.029133327465551452,
 "other_f7": 0.02896777886916101,
 "entertain_f8": 0.021008385490492516,
 "lodging_f9": 0.020599960203967666,
 "dining_f10": 0.013997602729692554,
 "revolve_f1": 0.3420895303349535,
 "f5_unknown": 0.01181668042462228,
 "supp_f19": 454.97557411055357,
 "cards_f20": 118.97232521385467,
 "ptsbal_f4": -0.0026748186495397933,
 "aircred_f14": -0.3821094975546812,
 "entcred_f16": -0.777240992213076,
 "lounge_f13": -104.85483147257996,
 "cab_f15": -7.217974219782099,
 "logins_f12": -4.755011762449804,
 "emails_f2223": -29.042693903189072,
 "EL_f11xf1": -1.926493191357961,
 "coll_f3": -369.2814034941456,
 "coll_f3xf1": -0.9321987300540134,
 "cancel_f2": -368.3368048557397,
 "lend_f17": -0.01461694887442571,
 "risk_f11": -272.0925009676995
}