{
 "airlines_f6": 0.04138042526281299,
 "other_f7": 0.03940903852310314,
 "entertain_f8": 0.018674620044010055,
 "lodging_f9": 0.04838048446496686,
 "dining_f10": 0.04201489240300501,
 "revolve_f1": 0.3915031068497744,
 "f5_unknown": 0.025242313518433,
 "supp_f19": 291.0687146301256,
 "cards_f20": 1200.0,
 "redeem_f21": 0.0022686152920712,
 "ptsbal_f4": 0.001279754201254801,
 "aircred_f14": -2.4712737913099176,
 "entcred_f16": -1.0802890028590124,
 "lounge_f13": -51.64352645727742,
 "cab_f15": 12.56474523880012,
 "logins_f12": -9.779540442280886,
 "emails_f2223": -36.38886545288632,
 "coll_f3": -43.60550509431893,
 "coll_f3xf1": -0.5951814798355509,
 "cancel_f2": -508.41071873407424,
 "lend_f17": -0.014441546243932103,
 "risk_f11": 212.40306476717507,
 "lend_f18": 0.012226891283571397,
 "EL_f11xcat": -0.044930133133803014,
 "EL_f11xf17": -0.1676437719562528,
 "EL_f11sqxf1": -0.004572730029200855,
 "attr_f2xf1": -0.0335298902497848,
 "clicks_f23": -150.0,
 "sqrt_f1": 35.007604969679036,
 "log_cat": 1246.054527659941,
 "risk_x_util": -0.9242242463747627,
 "redeem_rate": -108.38288766861142,
 "h_cat_50": -0.012132579109080771,
 "h_cat_80": 0.04420243871528927,
 "h_cat_95": -0.04293526202673833,
 "h_f1_50": 0.1326279677395835,
 "h_f1_80": 0.28267376677539124,
 "h_f1_95": 0.2185818667752807,
 "h_f11_80": -5884.967685228634,
 "h_f11_95": -855.3182419717577
}