{
 "airlines_f6": 0.023946934010778975,
 "other_f7": 0.022660378085260714,
 "entertain_f8": 0.03552482037337266,
 "lodging_f9": 0.007468454063312231,
 "dining_f10": 0.05894573912856516,
 "revolve_f1": 0.3547219734643742,
 "f5_unknown": 0.005433420355270918,
 "supp_f19": 207.7048884830791,
 "cards_f20": 374.5988437568562,
 "redeem_f21": -0.000455097473304593,
 "ptsbal_f4": 0.003257425993608771,
 "aircred_f14": -0.9157834848562966,
 "entcred_f16": -1.61131543026791,
 "lounge_f13": -90.62829419243018,
 "cab_f15": -53.92307665049264,
 "logins_f12": -7.348852224008418,
 "emails_f2223": -13.452068522436555,
 "EL_f11xf1": -0.7641734246953658,
 "coll_f3": -1435.473147559491,
 "coll_f3xf1": -0.1545660070021959,
 "cancel_f2": -177.03069049622414,
 "lend_f17": 0.0009705621730459823,
 "risk_f11": -2347.301841332626,
 "lend_f18": -0.009719158086210407,
 "EL_f11xcat": -0.19900873701357757,
 "EL_f11xf17": -0.0352477619774701,
 "EL_f11sqxf1": -2.004520613380396,
 "attr_f2xf1": -0.034300334119413876,
 "clicks_f23": -6.981162386304895,
 "sqrt_f1": 26.223765218924175,
 "sqrt_cat": 9.256446242714972
}